,subreddit,title,selftext,upvote_ratio,ups,downs,score,created_date
0,wallstreetbets,"What Are Your Moves Tomorrow, December 17, 2021","What are your moves tomorrow? Please keep the shitposting at a slow boil. 

^Navigate ^WSB|^We ^recommend ^best ^daily ^DD
:--|:--
**Discussion** | [All](https://reddit.com/r/wallstreetbets/search?sort=new&amp;restrict_sr=on&amp;q=flair%3ADiscussion) / [**Best Daily**](https://www.reddit.com/r/wallstreetbets/search?sort=top&amp;q=flair%3ADiscussion&amp;restrict_sr=on&amp;t=day) / [Best Weekly](https://www.reddit.com/r/wallstreetbets/search?sort=top&amp;q=flair%3ADiscussion&amp;restrict_sr=on&amp;t=week)
**DD** | [All](https://reddit.com/r/wallstreetbets/search?sort=new&amp;restrict_sr=on&amp;q=flair%3ADD) / [**Best Daily**](https://www.reddit.com/r/wallstreetbets/search?sort=top&amp;q=flair%3ADD&amp;restrict_sr=on&amp;t=day) / [Best Weekly](https://www.reddit.com/r/wallstreetbets/search?sort=top&amp;q=flair%3ADD&amp;restrict_sr=on&amp;t=week)
**YOLO** | [All](https://reddit.com/r/wallstreetbets/search?sort=new&amp;restrict_sr=on&amp;q=flair%3AYOLO) / [**Best Daily**](https://www.reddit.com/r/wallstreetbets/search?sort=top&amp;q=flair%3AYOLO&amp;restrict_sr=on&amp;t=day) / [Best Weekly](https://www.reddit.com/r/wallstreetbets/search?sort=top&amp;q=flair%3AYOLO&amp;restrict_sr=on&amp;t=week)
**Gain** | [All](https://reddit.com/r/wallstreetbets/search?sort=new&amp;restrict_sr=on&amp;q=flair%3AGain) / [**Best Daily**](https://www.reddit.com/r/wallstreetbets/search?sort=top&amp;q=flair%3AGain&amp;restrict_sr=on&amp;t=day) / [Best Weekly](https://www.reddit.com/r/wallstreetbets/search?sort=top&amp;q=flair%3AGain&amp;restrict_sr=on&amp;t=week)
**Loss** | [All](https://reddit.com/r/wallstreetbets/search?sort=new&amp;restrict_sr=on&amp;q=flair%3ALoss) / [**Best Daily**](https://www.reddit.com/r/wallstreetbets/search?sort=top&amp;q=flair%3ALoss&amp;restrict_sr=on&amp;t=day) / [Best Weekly](https://www.reddit.com/r/wallstreetbets/search?sort=top&amp;q=flair%3ALoss&amp;restrict_sr=on&amp;t=week)
**Memes** | [All](https://reddit.com/r/wallstreetbets/search?sort=new&amp;restrict_sr=on&amp;q=flair%3AMeme) / [**Best Daily**](https://www.reddit.com/r/wallstreetbets/search?sort=top&amp;q=flair%3AMeme&amp;restrict_sr=on&amp;t=day) / [Best Weekly](https://www.reddit.com/r/wallstreetbets/search?sort=top&amp;q=flair%3AMeme&amp;restrict_sr=on&amp;t=week)

**Read the [rules](https://www.reddit.com/r/wallstreetbets/wiki/contentguide) and make sure other people follow them.**

Try [No Meme Mode](https://www.reddit.com/r/wallstreetbets/search/?q=-flair%3AMeme%20-flair%3ASatire%20-flair%3AShitpost&amp;restrict_sr=1&amp;t=day&amp;sort=hot).

Follow [@Official_WSB](https://twitter.com/Official_WSB) on Twitter and [official_wallstreetbets](https://www.instagram.com/official_wallstreetbets/) on Instagram.

Check out our [Discord](https://discord.gg/wallstreetbets)

      
[Apply to mod /r/wallstreetbets](https://forms.gle/MeXTX1UtJn6St4vLA) or [apply to mod /r/wallstreetbetscrypto](https://forms.gle/jg1KjehvqsgZafcs9)

[Check out ongoing and expired ""ban bets""](https://www.reddit.com/r/wallstreetbets/wiki/banbets)",0.94,82.0,0.0,82.0,2021-12-16
1,wallstreetbets,"Most Anticipated Earnings Releases for the trading week beginning December 13th, 2021",,0.98,844.0,0.0,844.0,2021-12-11
2,wallstreetbets,My ancestor 50 000 BCE.,,0.95,36425.0,0.0,36425.0,2021-12-16
3,wallstreetbets,Always inverse Jim Cramer,,0.97,3652.0,0.0,3652.0,2021-12-16
4,wallstreetbets,title,,0.98,1143.0,0.0,1143.0,2021-12-16
5,wallstreetbets,Reddit management hoping WSB plays nice with their IPO,,0.97,712.0,0.0,712.0,2021-12-16
6,wallstreetbets,"With the upcoming Reddit IPO, I feel it's important to remind people of who we are",,0.98,832.0,0.0,832.0,2021-12-16
7,wallstreetbets,Are you buying the Reddit ipo?,"Are you buying the Reddit ipo?

Or do you think they‚Äôre relying on us pumping it. I personally don‚Äôt think I will because fuck them if they think they can use us as a tool. 
Monkey only fight for monkey

Plus with so many other good stocks basically for sale right now I‚Äôd rather be buying dips. 

On the other hand, Reddit pumping could create attention and bring more people to it thus creating a bigger pump. There‚Äôs a strong degen play here. Does anyone have a convincing argument that this could happen or is everyone in the same boat as me?",0.92,1430.0,0.0,1430.0,2021-12-16
8,wallstreetbets,Let‚Äôs not forget the day President Kennedy spoke to our forefathers,,0.91,36599.0,0.0,36599.0,2021-12-15
9,wallstreetbets,"I think Bulls and Bears alike, need this right now",,0.98,409.0,0.0,409.0,2021-12-16
10,wallstreetbets,I laugh - But I also hold 400 T shares. Lord help me,,0.98,381.0,0.0,381.0,2021-12-16
11,wallstreetbets,It is time,,0.9,319.0,0.0,319.0,2021-12-16
12,wallstreetbets,Reddit files for IPO,,0.95,6398.0,0.0,6398.0,2021-12-15
13,wallstreetbets,From $414 to over $6k in two days! Thanks Pfizerü•≥üíâ,,0.93,223.0,0.0,223.0,2021-12-16
14,wallstreetbets,Running out of cash. What u guys buying?,,0.99,67.0,0.0,67.0,2021-12-16
15,wallstreetbets,When You Try to Convince Others Not to Use the Robinhood App.,,0.93,154.0,0.0,154.0,2021-12-16
16,wallstreetbets,Robinhood widget gets right to the point now,,0.96,73.0,0.0,73.0,2021-12-16
17,wallstreetbets,I wish I invested more but happy with the returns,,0.93,321.0,0.0,321.0,2021-12-16
18,wallstreetbets,ü§°ü§°ü§°ü§°,,0.93,60.0,0.0,60.0,2021-12-16
19,wallstreetbets,PLTR CEO wishes all investors Happy Holidays and a Many Tendies,,0.93,554.0,0.0,554.0,2021-12-16
20,wallstreetbets,"Daily Discussion Thread for December 16, 2021","Your daily trading discussion thread. Please keep the shitposting to a minimum. 

^Navigate ^WSB|^We ^recommend ^best ^daily ^DD
:--|:--
**Discussion** | [All](https://reddit.com/r/wallstreetbets/search?sort=new&amp;restrict_sr=on&amp;q=flair%3ADiscussion) / [**Best Daily**](https://www.reddit.com/r/wallstreetbets/search?sort=top&amp;q=flair%3ADiscussion&amp;restrict_sr=on&amp;t=day) / [Best Weekly](https://www.reddit.com/r/wallstreetbets/search?sort=top&amp;q=flair%3ADiscussion&amp;restrict_sr=on&amp;t=week)
**DD** | [All](https://reddit.com/r/wallstreetbets/search?sort=new&amp;restrict_sr=on&amp;q=flair%3ADD) / [**Best Daily**](https://www.reddit.com/r/wallstreetbets/search?sort=top&amp;q=flair%3ADD&amp;restrict_sr=on&amp;t=day) / [Best Weekly](https://www.reddit.com/r/wallstreetbets/search?sort=top&amp;q=flair%3ADD&amp;restrict_sr=on&amp;t=week)
**YOLO** | [All](https://reddit.com/r/wallstreetbets/search?sort=new&amp;restrict_sr=on&amp;q=flair%3AYOLO) / [**Best Daily**](https://www.reddit.com/r/wallstreetbets/search?sort=top&amp;q=flair%3AYOLO&amp;restrict_sr=on&amp;t=day) / [Best Weekly](https://www.reddit.com/r/wallstreetbets/search?sort=top&amp;q=flair%3AYOLO&amp;restrict_sr=on&amp;t=week)
**Gain** | [All](https://reddit.com/r/wallstreetbets/search?sort=new&amp;restrict_sr=on&amp;q=flair%3AGain) / [**Best Daily**](https://www.reddit.com/r/wallstreetbets/search?sort=top&amp;q=flair%3AGain&amp;restrict_sr=on&amp;t=day) / [Best Weekly](https://www.reddit.com/r/wallstreetbets/search?sort=top&amp;q=flair%3AGain&amp;restrict_sr=on&amp;t=week)
**Loss** | [All](https://reddit.com/r/wallstreetbets/search?sort=new&amp;restrict_sr=on&amp;q=flair%3ALoss) / [**Best Daily**](https://www.reddit.com/r/wallstreetbets/search?sort=top&amp;q=flair%3ALoss&amp;restrict_sr=on&amp;t=day) / [Best Weekly](https://www.reddit.com/r/wallstreetbets/search?sort=top&amp;q=flair%3ALoss&amp;restrict_sr=on&amp;t=week)
**Memes** | [All](https://reddit.com/r/wallstreetbets/search?sort=new&amp;restrict_sr=on&amp;q=flair%3AMeme) / [**Best Daily**](https://www.reddit.com/r/wallstreetbets/search?sort=top&amp;q=flair%3AMeme&amp;restrict_sr=on&amp;t=day) / [Best Weekly](https://www.reddit.com/r/wallstreetbets/search?sort=top&amp;q=flair%3AMeme&amp;restrict_sr=on&amp;t=week)

**Read the [rules](https://www.reddit.com/r/wallstreetbets/wiki/contentguide) and make sure other people follow them.**

Try [No Meme Mode](https://www.reddit.com/r/wallstreetbets/search/?q=-flair%3AMeme%20-flair%3ASatire%20-flair%3AShitpost&amp;restrict_sr=1&amp;t=day&amp;sort=hot).

Follow [@Official_WSB](https://twitter.com/Official_WSB) on Twitter and [official_wallstreetbets](https://www.instagram.com/official_wallstreetbets/) on Instagram.

Check out our [Discord](https://discord.gg/wallstreetbets)
  
[Apply to mod /r/wallstreetbets](https://forms.gle/MeXTX1UtJn6St4vLA) or [apply to mod /r/wallstreetbetscrypto](https://forms.gle/jg1KjehvqsgZafcs9)

[Check out ongoing and expired ""ban bets""](https://www.reddit.com/r/wallstreetbets/wiki/banbets)",0.9,301.0,0.0,301.0,2021-12-16
21,wallstreetbets,I tried to tell you all $FDX FedEx calls was the play to make! I even bought 50 more calls total 250! How do I even sleep tonight????,,0.83,41.0,0.0,41.0,2021-12-16
22,wallstreetbets,How it feels like to be a üåàüêª today.,,0.98,2633.0,0.0,2633.0,2021-12-15
23,wallstreetbets,NVAX YOLO 17500 SHARES GAIN PORN,,0.96,25.0,0.0,25.0,2021-12-16
24,wallstreetbets,I finally made money after losing for 6 months straight. It ain't much but it's better than losing,,0.93,40.0,0.0,40.0,2021-12-16
25,wallstreetbets,ü•≤ #NIO,,0.89,31.0,0.0,31.0,2021-12-16
26,wallstreetbets,$JPOW,,0.97,925.0,0.0,925.0,2021-12-15
